1,Kameko Nelson,,female voice,1981,Slovenia,Vedrin,lorem.tristique.aliquet@nonummyFusce.co.uk,6914
2,Sacha Cameron,Bianco Ibureno Chloride,artist,1955,Guernsey,Montigny-le-Tilleul,Sed@elementum.com,0568
3,Thane E. Oliver,,rapper,1993,Guinea-Bissau,Saint-Sébastien-sur-Loire,Integer.tincidunt.aliquam@libero.com,813154
4,Cole E. Joseph,Persian responsible,bassist,1994,Estonia,Newquay,nulla.magna.malesuada@vulputate.com,A4S 2B3
5,Sonia U. Jensen,Asleep lonely Big Morgan,DJ,1988,Vanuatu,Dudzele,faucibus@euismodetcommodo.edu,46418
6,Xanthus Wyatt,Paint of Heart Lorazepam,rapper,1989,Niue,Moradabad,enim.Sed.nulla@In.net,514533
7,Guinevere L. Fitzpatrick,Global The Africa Times,violinist,1958,Tunisia,Cassaro,mi@Crassedleo.ca,892637
8,Benedict Molina,Anteater hare Lantus,band member,1958,Liberia,Springfield,In.scelerisque.scelerisque@malesuadaInteger.org,1083
9,Bell G. Riggs,Actos Evelyn Fluoxetine,female voice,1992,Indonesia,Overrepen,Aliquam.nisl@adipiscinglobortisrisus.co.uk,UT0P 8WQ
10,Mannix Z. Burton,Propionate Recent,pianist,1969,Jersey,Baricella,consectetuer.ipsum.nunc@amet.net,593573
11,Chancellor F. Dudley,Swedish Jayda Developer Farmer,singer,1957,Turks and Caicos Islands,Sannazzaro de' Burgondi,non@Phasellusin.net,884435
12,Mercedes P. Sanders,Jasmin,DJ,1985,Faroe Islands,Madrid,sed.facilisis@ligula.ca,35973
13,Xavier V. Rush,Italy Developer Lisinopril,songwriter,1956,Rwanda,Medemblik,turpis@est.edu,22484
14,Willow Mckee,,trapper,1963,Bolivia,Berlin,aliquam@CraspellentesqueSed.co.uk,1907 HW
15,Blythe Eaton,Saudi Pakistan Eastern,violinist,1957,South Sudan,Wetteren,blandit.Nam.nulla@nequeNullam.co.uk,962986
16,Mechelle Erickson,,singer,1985,Qatar,Viddalba,sit@nec.edu,836197
17,Maxwell Wright,F.A.I.R.Y.,chorist,1995,Singapore,Ospedaletto Lodigiano,sem.magna.nec@etmagna.ca,6494 TU
18,Stone Downs,Search Malay,songwriter,1992,Kiribati,El Bosque,interdum.libero.dui@eliterat.org,74-603
19,Charlotte B. Mercado,,violinist,1991,Indonesia,Los Angeles,metus.In@sapienmolestieorci.org,981109
20,Imani E. Morgan,Accommodation X Haslava,guitarist,1991,Greenland,São João de Meriti,eget.ipsum.Donec@risus.ca,GW4 2JH
21,Jin A. Hamilton,,pop singer,1965,Ecuador,Saint-Denis,Vivamus@portaelit.org,13213
22,Eaton F. Fischer,Car tapir,singer,1978,Syria,San Clemente,Lorem.ipsum@ipsumDonec.ca,21026
23,Rhona I. Knapp,Immediate Shame,tenor,1999,Bahamas,San Pedro,Phasellus.nulla@parturientmontesnascetur.org,30-687
24,Jordan G. Duffy,Turkey,pop singer,1996,Viet Nam,Limal,ullamcorper.eu.euismod@velvulputate.org,HO6J 4XE
25,Laith W. Mccarthy,,violoncellist,1973,Bangladesh,Asnières-sur-Seine,sed.consequat.auctor@aliquetlobortis.co.uk,136542
26,Edward William,Handihaler Moroccan Pregnant carrots,chorister,1958,Zambia,San Pietro Avellana,gravida.Aliquam.tincidunt@Etiam.ca,244987
27,Kirby Whitley,Guilty,artist,1968,Russian Federation,Braunschweig,dictum.eu.eleifend@auctor.ca,383949
28,Devin K. Terrell,Bangladesh Vicuna Lanzala,poet,1977,Micronesia,Montgomery,Suspendisse@ornaretortor.ca,604885
29,Cain Deleon,The Wales Strippers Merlottimg,artist,1973,France,Kakinada,ipsum.ac.mi@etnunc.com,90348
30,Finn F. Bass,Tartarugose,singer,1981,Tunisia,Selva di Cadore,et.netus@blanditat.ca,5576 ED
31,Gemma Farley,,dancer,1992,Botswana,Tarragona,sit.amet@sitametmetus.com,L9G 4N3
32,Dora Short,Miss,violoncellist,1956,Sri Lanka,Puerto Varas,sagittis.augue.eu@dolor.org,87608
33,Caryn P. Burch,Krista,songwriter,1958,Fiji,Bilbo,Mauris@urnanec.co.uk,11901
34,Nell Decker,Pure Teenage Crazy White Spoons,guitarist,1982,Burkina Faso,Villa Agnedo,Etiam.ligula.tortor@Aliquamrutrum.co.uk,89011
35,Ulla Hart,Economist,chorist,1964,Turkmenistan,Shrewsbury,In.faucibus@metusAliquamerat.co.uk,458485
36,Anika Q. Bass,Harrirris,artist,1969,Virgin Islands United States,Detroit,sit@Crasdictumultricies.org,313917
37,Timothy T. Harris,,soprano,1977,Bermuda,Wrexham,justo@vulputatelacusCras.co.uk,11108
38,Alice Cervantes,,artist,1993,New Caledonia,Orosei,Aenean.eget@dictumPhasellus.ca,6882
39,Yoshi R. Gonzalez,,soprano,1986,Christmas Island,Söderhamn,Sed@ornarefacilisis.org,57187
40,Kaitlin Sweeney,,pop singer,1991,Norway,Sanquhar,lectus.convallis@litora.org,28157
41,Jesse Foreman,,female voice,1967,Hungary,Jamioulx,leo@justonecante.net,11612
42,Geoffrey Cabrera,,violinist,1994,Ghana,Dijon,Duis.gravida@liberolacusvarius.net,760212
43,Philip W. Caldwell,Urdu,chorister,1987,Nigeria,Göttingen,ornare.lectus.ante@hendrerit.org,G0H 4N3
44,Oliver E. Reid,,rapper,1981,Antarctica,Cap-de-la-Madeleine,risus.Nunc.ac@aliquetnec.org,255124
45,Melyssa P. Owen,Sounds authoritative Fade,drummer,1996,Mayotte,Schwalbach,risus.Duis.a@ligulaeu.com,16412
46,Pamela J. Justice,Levothyroxine Cheesburger Prednisone,pop singer,1995,Barbados,Slijpe,Donec.nibh.Quisque@vulputatedui.ca,C7 6EH
47,Beck W. Cooper,Namenda Prednisone,artist,1962,Norfolk Island,Neuss,adipiscing.elit@eu.ca,WR3 7QZ
48,Yuri N. Moon,Wine,guitarist,1972,Montenegro,Manchester,facilisis.facilisis.magna@Curabiturvellectus.ca,71619
49,Ralph Booth,Celebrex Indonesia,DJ,1956,Guatemala,Marbaix,Maecenas.iaculis.aliquet@Pellentesquehabitant.com,5758
50,Orla X. Coffey,Pig Latin support Succinatex Giselle,chorist,1972,Brazil,Nuraminis,pulvinar.arcu.et@Duis.ca,31418
51,Kaitlin Riddle,Hook Algeria Responsible,songwriter,1976,Saint Lucia,Weymouth,amet.risus.Donec@parturientmontesnascetur.com,37324
52,Sydney Chavez,,guitarist,1967,Jamaica,Calice al Cornoviglio,hendrerit@quamafelis.co.uk,B9T 9N1
53,Reece P. Ellison,Sexual Complete obvious,tenor,1972,Isle of Man,Piovene Rocchette,lorem@interdumNunc.ca,939516
54,Kermit Dillard,,poet,1969,Kazakhstan,Roveredo in Piano,Phasellus.fermentum.convallis@adipiscingelit.edu,3065
55,Erasmus G. Talley,,DJ,1975,Tokelau,Nagpur,facilisis.eget.ipsum@molestietellusAenean.edu,5295
56,Jaden Hart,Besylate Kierra,band member,1977,Saint Kitts and Nevis,Ulloa (Barrial),et.ultrices.posuere@Nullatincidunt.ca,V7J 0K2
57,Wesley Glover,Simvastatin show Star Trek Cymbalta,tenor,1976,Belize,Pont-de-Loup,orci.luctus.et@ornarelibero.ca,59359
58,Myles M. Petersen,Les Curtains,guitarist,1976,Bhutan,Nieuwegein,vulputate.dui.nec@Vivamusnibhdolor.org,27-744
59,Cathleen Morris,Tramadol Kelsie,drummer,1976,Laos,Bridgeport,tellus.lorem@Nullasemper.ca,21516
60,Ira Charles,Pakistan,chorist,1992,Kenya,Waterloo,est.mauris.rhoncus@consequat.com,76275-123
61,Violet Q. Holcomb,,artist,1960,Madagascar,Roccabruna,ullamcorper@ipsum.ca,32-717
62,Francesca Y. Hendricks,,drummer,1989,Bangladesh,Cunco,tempus.risus.Donec@ullamcorper.net,4439
63,Cheyenne Morton,Hook Sapper Soprano,rapper,1991,United Kingdom (Great Britain),Forchies-la-Marche,eu.nulla@nascetur.co.uk,52740
64,Kato Y. Ball,Gutierretha Mix bless,soprano,1989,Antigua and Barbuda,Lota,odio@iaculisnec.edu,78589
65,Jared Meyer,Decent Trimethoprim Cow,tenor,1958,San Marino,Filacciano,mi@massa.org,97-213
66,Rinah Workman,Simvastatin Iyana shame,DJ,1966,Tanzania,Craco,vitae@montesnascetur.com,072502
67,Madison Daniels,Shock,tenor,1993,Jamaica,Rotorua,est@maurissit.ca,5091
68,Jordan K. Manning,Strict,singer,1992,French Guiana,Cambrai,ultricies.adipiscing.enim@pretium.edu,26730
69,Edan Lott,Shy Ameer,songwriter,1962,Colombia,Adana,lorem.lorem@egetlacusMauris.net,639782
70,Leo Gibbs,,trapper,1958,Turkmenistan,Barranca,non@nec.ca,8082 WM
71,Scarlett S. French,E.N.T. Believe strict,chorister,1959,Isle of Man,Kumbakonam,interdum@interdum.org,464915
72,Rhonda D. Donovan,,band member,1974,Canada,Onoz,mollis.lectus@sit.net,7282
73,Cara Ayers,,pop singer,1971,Ireland,Aylesbury,erat.eget.ipsum@hendreritneque.org,12234
74,Kylan Melendez,Hungry 56,artist,1987,Faroe Islands,Kapelle-op-den-Bos,dolor.sit@Classaptent.org,42189
75,Bevis H. Haney,,guitarist,1978,Montenegro,Çeşme,ultrices@molestiepharetranibh.net,6075
76,Azalia Vaughan,,poet,1979,Kenya,Haren,natoque@Phasellus.edu,58676
77,Willa H. Woodward,,singer,1981,Djibouti,Waren,rutrum.magna.Cras@amet.net,99473
78,Herman Vincent,Stereotyped,guitarist,1987,Samoa,Chimay,in.aliquet.lobortis@quisaccumsan.edu,692989
79,Garrison Williamson,Champ At the Fit Mattie detailed,singer,1978,Jamaica,Bad Vilbel,ante.iaculis.nec@diamnuncullamcorper.co.uk,41-031
80,Cole Tanner,Obviously Melayu,dancer,1986,Serbia,Sint-Denijs-Westrem,ipsum.Curabitur@torquentperconubia.ca,3514 VM
81,Zelenia Hooper,,singer,1974,Sweden,Vilcún,Cum.sociis@sitamet.org,504306
82,Harrison Morrison,,DJ,1992,Iraq,Siliguri,risus.In.mi@incursus.com,7114
83,Odette Rich,Izabelle lucky Confident Diskus,singer,1984,Bangladesh,Zweibrücken,mi.eleifend.egestas@neque.org,95727
84,Wyoming U. Schneider,Woodcauldron Wooger Uzbek Reagan,pop singer,1962,Antarctica,Gressoney-La-Trinitè,fringilla.ornare@Phasellusvitaemauris.ca,P6H 7S9
85,Rafael Q. Guzman,Dolls South Levantine Connect Mulan,artist,1958,Antarctica,Iqaluit,massa.Suspendisse@molestieSedid.com,3167
86,Whoopi Dickerson,,DJ,1977,Nauru,Bhiwani,ligula@porttitorscelerisque.net,8409
87,Ignacia S. Scott,,rapper,1964,Ghana,Basingstoke,risus@molestietellusAenean.com,0867
88,Tyrone Moody,Environmental Question Fiume,guitarist,1985,Suriname,Mauá,Donec.est@Vivamus.com,59822
89,Brynne Sanford,Lipitor Viagra Trazodone,chorist,1971,Cuba,Radebeul,semper@pede.ca,3684
90,Clementine Curtis,,chorist,1989,Trinidad and Tobago,Haddington,eleifend.egestas@tellusAenean.com,811982
91,Melanie N. Frederick,Shame price Hebrew,rapper,1963,Chad,Develi,urna.nec.luctus@ametluctus.org,03908
92,Patrick Deleon,,DJ,1992,Tuvalu,Porto Alegre,dolor@quis.ca,48107
93,Henry N. Bates,Mongolia civil Devan recent,female voice,1981,Venezuela,Greenwich,risus@semperegestasurna.edu,21106
94,Wylie Chavez,Arabic high,chorist,1960,Mauritania,Geelong,eros.turpis@ac.com,614653
95,Mikayla Chen,Angel of the Grubby Cats,violinist,1975,Italy,Bonnyville,massa@Mauris.ca,9795 QC
96,Carson R. Fry,Merperson Harmwashington,pianist,1956,Barbados,Panihati,tellus@enim.net,05072
97,Meghan V. Jacobson,Stick,singer,1966,Kazakhstan,Lanco,ac.ipsum.Phasellus@dui.ca,8296
98,Lane Z. Underwood,,singer,1998,Bangladesh,Coventry,accumsan.interdum.libero@Nuncsed.org,68227
99,Amena O. Shepard,Known alive Frasier Frazier,chorist,1991,Cuba,Ebenthal in Kärnten,Morbi.metus.Vivamus@tempor.edu,HZ7J 3OQ
100,Hu G. Haney,Abuse Farzaneha Farzaneha T.,drummer,1998,Nicaragua,Opwijk,ultricies@ligula.co.uk,9876